kind,code,name,image
1,01,フード,
1,02,ドリンク,
1,03,宴会フード,
1,04,宴会ドリンク,
1,88,チャージ,
1,99,コメント,
2,01,TAPAS,
2,02,500YEN　TAPAS,
2,03,SAND,
2,04,ZERO１ CHOICE 2,
2,05,SALADS,
2,06,SOUP,
2,07,STOVE FOOD,
2,08,PASTA,
2,09,PIZZA,
2,10,RICEBOWL&PLATE,
2,11,SWEETS,
2,12,LUNCH　MENU,
2,13,TEA　TIME,
2,21,COFFEE　,
2,22,FLAVOR　COFFEE,
2,23,TEA,
2,24,ORIGINALHOTDRINK,
2,25,SOFT DRINK,
2,26,ORIGINAL DRINK,
2,27,SOFT DRINK,
2,31,BEER,
2,32,BOTTLE　DRINK,
2,33,WHISKEY,
2,34,WHISKEY　JULEP,
2,35,PLAM,
2,36,WINE,
2,37,WINE　COCKTAIL,
2,38,BOTTLE　WINE,
2,39,COCKTAIL,
2,40,ORIGINALCOCKTAIL,
2,41,PARTY FOOD,
2,42,PARTY DRINK,
2,88,チャージ,
2,99,ｺﾒﾝﾄ・その他,
