no,menuCode,image,itemName,price,subprice,category1_code,category1_name,category2_code,category2_name,itemToppingGroupId,suggest1,suggest2,suggest3,adLink,desc,other1,other2,isComment,isSub,isSet,SCP1,SCP2,SCP3,SCP4,SCP5,SCP6,SCP7,SCP8,SCP9,SCP10,SCP11,SCP12,startTime,endTime,PrinterIP,PrinterPort
1,0199,0199.jpg,350円TAPAS他,0,0,01,フード,01,350YEN　TAPAS,,,,,,,,,0,0,0,0,0,0,0,0,0,0,0,0,0,0,0,,,,
2,0201,image0201.jpg,薩摩芋スティック,500,,01,フード,02,500YEN　TAPAS,,0202,0203,0206,,ホクホクのサツマイモ芋を相性のいい蜂蜜とマヨネーズのソースで,,,,,,,,,,,,,,,,,,,,,
3,0202,image0202.jpg,チーズ盛合わせ,500,,01,フード,02,500YEN　TAPAS,,0201,0203,0206,,ワインに合う、厳選された3種のチーズです,,,,,,,,,,,,,,,,,,,,,
4,0203,image0203.jpg,サーモンとクレソンのマリネ,500,,01,フード,02,500YEN　TAPAS,,0201,0202,0206,,バジルのソースでさっくりと合わせたさっぱりとしたマリネです,,,,,,,,,,,,,,,,,,,,,
5,0206,image0206.jpg,鮪とアボガドの岩海苔タルタル,500,,01,フード,02,500YEN　TAPAS,,0201,0202,0203,,人気No1！鮪とアボガドのハズれない組み合わせ,,,,,,,,,,,,,,,,,,,,,
6,0208,image0208.jpg,生ハムの切り落とし,500,,01,フード,02,500YEN　TAPAS,,0201,0203,0206,,ちょうどいい塩気の生ハムで、お酒が進みます,,,,,,,,,,,,,,,,,,,,,
7,0299,0299.jpg,500円TAPAS他,0,0,01,フード,02,500YEN　TAPAS,,,,,,,,,0,0,0,0,0,0,0,0,0,0,0,0,0,0,0,,,,
8,0301,image0301.jpg,ツブ貝のアヒージョ,680,,01,フード,03,SAND,,0208,0202,0304,,流行りのスペインタパス。ガーリックトーストと一緒にお楽しみください。,,,,,,,,,,,,,,,,,,,,,
9,0302,image0302.jpg,タコのアヒージョ,680,,01,フード,03,SAND,,0202,0208,0304,,流行りのスペインタパス。ガーリックトーストと一緒にお楽しみください,,,,,,,,,,,,,,,,,,,,,
10,0303,image0303.jpg,キノコのアヒージョ,680,,01,フード,03,SAND,,0304,0302,0202,,流行りのスペインタパス。ガーリックトーストと一緒にお楽しみください,,,,,,,,,,,,,,,,,,,,,
11,0304,image0304.jpg,ガーリックトースト,230,,01,フード,03,SAND,,0302,0303,0301,,ガーリックの香り漂う、サクサクのトーストです。,,,,,,,,,,,,,,,,,,,,,
12,0401,image0401.jpg,バッファローチキンウイング 6P,680,0,01,フード,04,ZERO１ CHOICE 2,,0303,0503,2106,,チキンにかかった秘伝のスパイスがおいしいさを引き立てます,,,0,0,0,0,0,0,0,,0,0,0,0,0,0,0,,,,
13,0404,image0404.jpg,メキシカンナチョス,680,,01,フード,04,ZERO１ CHOICE 2,,0201,0202,0203,,チリコンカルネとハラベーニョの辛さがお酒のつまみにGOOD。,,,,,,,,,,,,,,,,,,,,,
14,0405,image0405.jpg,ソーセージの盛り合せ,780,,01,フード,07,STOVE FOOD,,0201,0202,0203,,３種類のソーセージのボリューム満点の一皿です。,,,,,,,,,,,,,,,,,,,,,
15,0406,image0406.jpg,ガーリックシュリンプ,880,,01,フード,04,ZERO１ CHOICE 2,,0201,0202,0203,,ノースショアの屋台の味を再現した一品です。殻ごとどうぞ。,,,,,,,,,,,,,,,,,,,,,
16,0407,image0407.jpg,スパイシーチキンのオーブン焼,780,,01,フード,07,STOVE FOOD,,0201,0202,0203,,特性のタレにつけ込んだ、ジューシーなお肉です。,,,,,,,,,,,,,,,,,,,,,
17,0408,image0408.jpg,フィッシュ＆チップス,680,,01,フード,04,ZERO１ CHOICE 2,,0201,0202,0203,,白身魚とポテトフライ。タルタルでお召し上がりください。,,,,,,,,,,,,,,,,,,,,,
18,0499,0499.jpg,ZEROONECHOICE他,0,0,01,フード,04,ZERO１ CHOICE 2,,,,,,,,,0,0,0,0,0,0,0,0,0,0,0,0,0,0,0,,,,
19,0501,image0501.jpg,ZERO ONE コブサラダ,780,0,01,フード,05,SALADS,,0902,0407,0301,,具沢山の食べ応えあるコブザラダです,,,0,0,0,0,0,0,0,,0,0,0,0,0,0,0,,,,
20,0502,image0502.jpg,ベーコン＆エッグシーザーサラダ,780,0,01,フード,05,SALADS,,0201,0405,0301,,特製のシーザードレッシングのかかったボリューム満点のサラダです,,,0,0,0,0,0,0,0,,0,0,0,0,0,0,0,,,,
21,0503,image0503.jpg,彩り野菜のバーニャカウダー,680,0,01,フード,05,SALADS,,0803,1005,0404,,自家製のバーニャカウダソースが決め手のバーニャカウダです,,,0,0,0,0,0,0,0,,0,0,0,0,0,0,0,,,,
22,0504,0504.jpg,コブサラダ ﾊｰﾌ,400,0,01,フード,05,SALADS,,,,,,,,,0,0,0,0,0,0,0,0,0,0,0,0,0,0,0,,,,
23,0505,0505.jpg,シーザーサラダ ﾊｰﾌ,400,0,01,フード,05,SALADS,,,,,,,,,0,0,0,0,0,0,0,0,0,0,0,0,0,0,0,,,,
24,0599,0599.jpg,サラダ他,0,0,01,フード,05,SALADS,,,,,,,,,0,0,0,0,0,0,0,0,0,0,0,0,0,0,0,,,,
25,0699,0699.jpg,スープ他,0,0,01,フード,06,SOUP,,,,,,,,,0,0,0,0,0,0,0,0,0,0,0,0,0,0,0,,,,
26,0799,0799.jpg,STOVE他,0,0,01,フード,07,STOVE FOOD,,,,,,,,,0,0,0,0,0,0,0,0,0,0,0,0,0,0,0,,,,
27,0801,image0801.jpg,明太子と水菜クリームパスタ,930,0,01,フード,08,PASTA,,0303,0302,0303,,明太子と生クリームの濃厚なパスタです。,,,0,0,0,0,0,0,0,,0,0,0,0,0,0,0,,,,
28,0802,image0802.jpg,若鶏と揚げ茄子のトマトソースパスタ,880,0,01,フード,08,PASTA,,1102,0301,2603,,ジューシーな若鶏を使用した優しい味の自家製トマトソース,,,0,0,0,0,0,0,0,,0,0,0,0,0,0,0,,,,
29,0803,image0803.jpg,生ハムとハーブのジェノベーゼパスタ,980,0,01,フード,08,PASTA,,0303,0503,0407,,ハーブの香りが爽やかなさっぱりとしたパスタです。,,,0,0,0,0,0,0,0,,0,0,0,0,0,0,0,,,,
30,0899,0899.jpg,PASTA他,0,0,01,フード,08,PASTA,,,,,,,,,0,0,0,0,0,0,0,0,0,0,0,0,0,0,0,,,,
31,0901,image0901.jpg,トロサーモンとオリーブのサラダピザ,1180,0,01,フード,09,PIZZA,2,0405,0408,0406,,カリカリの生地に野菜がタップリ乗ったサラダ感覚のピザです。,,,0,0,0,0,0,0,0,,0,0,0,0,0,0,0,,,,
32,0902,image0902.jpg,完熟トマトとモッツァレラのピッツァマルゲリータ,1180,0,01,フード,09,PIZZA,2,0404,0206,0202,,トマトの酸味とチーズの甘味が絶妙なシンプルなピザです。,,,0,0,0,0,0,0,0,,0,0,0,0,0,0,0,,,,
33,0999,0999.jpg,ピザ他,0,0,01,フード,09,PIZZA,,,,,,,,,0,0,0,0,0,0,0,0,0,0,0,0,0,0,0,,,,
34,1001,image1001.jpg,鮪とアボガドのカリフォルニアBOWL,980,0,01,フード,10,RICEBOWL&PLATE,,0202,0503,0301,,どこか和風テイストなヘルシー海鮮DONBURI,,,0,0,0,0,0,0,0,,0,0,0,0,0,0,0,,,,
35,1002,image1002.jpg,ガーリックシュリンプライス,1180,0,01,フード,10,RICEBOWL&PLATE,1,0802,0901,2105,,ノースショアの屋台の味を再現。ライスと一緒にどうぞ！,,,0,0,0,0,0,0,0,,0,0,0,0,0,0,0,,,,
36,1003,image1003.jpg,ZERO ONE タコライス,1080,0,01,フード,10,RICEBOWL&PLATE,,0208,0202,0203,,7種類の具材とタコミートを混ぜてお召し上がりください,,,0,0,0,0,0,0,0,,0,0,0,0,0,0,0,,,,
37,1004,image1004.jpg,スパイシーチキンプレート,980,0,01,フード,10,RICEBOWL&PLATE,1,1002,0502,0404,,肉汁溢れる若鶏を特製スパイスに漬け込んで一気に焼き上げる,,,0,0,0,0,0,0,0,,0,0,0,0,0,0,0,,,,
38,1005,image1005.jpg,スパイシーチキンBOWL,880,0,01,フード,10,RICEBOWL&PLATE,,0303,0501,0206,,秘伝のタレに付け込んだチキンの乗った、ボリュームたっぷりの一品です,,,0,0,0,0,0,0,0,,0,0,0,0,0,0,0,,,,
39,1006,image1006.jpg,イタリアンハンバーグプレート,1080,0,01,フード,10,RICEBOWL&PLATE,1,0303,1251,0405,,フレッシュバジルと完熟トマトを使った特性オリジナルソース,,,0,0,0,0,0,0,0,,0,0,0,0,0,0,0,,,,
40,1007,image1007.jpg,デミグラスハンバーグプレート,1080,0,01,フード,10,RICEBOWL&PLATE,1,0208,1102,1204,,黒毛和牛を使ったハンバーグにじっくり煮込んだ特性デミソースの組み合わせ。半熟玉子の目玉焼きを割れば至福のトロトロ。,,,0,0,0,0,0,0,0,,0,0,0,0,0,0,0,,,,
41,1099,1099.jpg,BOWL他,0,0,01,フード,10,RICEBOWL&PLATE,,,,,,,,,0,0,0,0,0,0,0,0,0,0,0,0,0,0,0,,,,
42,1101,image1101.jpg,エスプレッソアイス,480,0,01,フード,11,SWEETS,,0901,0407,1006,,,,,0,0,0,0,0,0,0,,0,0,0,0,0,0,0,,,,
43,1102,image1102.jpg,NYチーズケーキ,580,0,01,フード,11,SWEETS,,0404,0302,0408,,濃厚で味わい深いチーズケーキ。チーズケーキ好きをうならせます。,,,0,0,0,0,0,0,0,,0,0,0,0,0,0,0,,,,
44,1103,image1103.jpg,チョコレートブラウニー,580,0,01,フード,11,SWEETS,,0902,1004,0208,,チョコをたっぷり使った贅沢な味。女性人気No.1デザート。,,,0,0,0,0,0,0,0,,0,0,0,0,0,0,0,,,,
45,1104,image1104.jpg,チョコレートパフェ,680,0,01,フード,11,SWEETS,,0203,0202,0201,,,,,0,0,0,0,0,0,0,,0,0,0,0,0,0,0,,,,
46,1105,image1105.jpg,キャラメルマンゴーパフェ,680,0,01,フード,11,SWEETS,,0801,0901,1007,,,,,0,0,0,0,0,0,0,,0,0,0,0,0,0,0,,,,
47,1106,image1106.jpg,ストロベリーパフェ,680,0,01,フード,11,SWEETS,,0405,0401,0502,,,,,0,0,0,0,0,0,0,,0,0,0,0,0,0,0,,,,
48,1199,1199.jpg,スイーツ他,0,0,01,フード,11,SWEETS,,,,,,,,,0,0,0,0,0,0,0,0,0,0,0,0,0,0,0,,,,
49,1201,,タンドリーチキンのホットラップサンド,880,0,01,フード,12,LUNCH　MENU,,,,,,,,,0,0,0,0,0,0,0,,0,0,0,0,0,0,0,1100,1400,,
50,1202,,鮪とアボガドBOWL,980,0,01,フード,12,LUNCH　MENU,,,,,,ハワイのアヒポキと、日本のお米の美味しい組み合わせ！,,,0,0,0,0,0,0,0,,0,0,0,0,0,0,0,1100,1400,,
51,1203,1004.jpg,ポークジンジャーBOWL,1080,0,01,フード,12,LUNCH　MENU,,,,,,生姜タップリのソースと豚肉が相性バッチリです,,,0,0,0,0,0,0,0,51,0,0,0,0,0,0,0,1100,1400,,
52,1204,image1204.jpg,明太子と水菜クリームパスタ,880,0,01,フード,12,LUNCH　MENU,,0408,2102,1253,,明太子と生クリームの濃厚なパスタです。,,,0,0,0,0,0,0,0,,0,0,0,0,0,0,0,1100,1400,,
53,1205,image1205.jpg,ZERO ONEタコライス,1080,0,01,フード,12,LUNCH　MENU,,0301,0202,0502,,,,,0,0,0,0,0,0,0,,0,0,0,0,0,0,0,1100,1400,,
54,1251,image1251.jpg,ストロベリーパフェ,250,0,01,フード,12,LUNCH　MENU,,0502,0401,0304,,ベリーの甘酸っぱさとアイスが絶妙な組み合わせ,,,0,0,0,0,0,0,0,,0,0,0,0,0,0,0,1100,1400,,
55,1252,image1252.jpg,チョコレートパフェ,250,0,01,フード,12,LUNCH　MENU,,0304,0303,0902,,チョコ好きにはたまらないパフェの定番中の定番。,,,0,0,0,0,0,0,0,,0,0,0,0,0,0,0,1100,1400,,
56,1253,image1253.jpg,キャラメルマンゴーパフェ,250,0,01,フード,12,LUNCH　MENU,,0404,0405,0208,,マンゴーのとろける甘みにキャラメルのビターが程よい。,,,0,0,0,0,0,0,0,,0,0,0,0,0,0,0,1100,1400,,
57,1254,1254.jpg,PLATE +100円で大盛り,100,0,01,フード,12,LUNCH　MENU,,,,,,大盛りだけでの単品の注文はできません。,,,0,0,0,0,0,0,0,0,0,0,0,0,0,0,0,,,,
58,1299,1299.jpg,L ランチ他,0,0,01,フード,12,LUNCH　MENU,,,,,,,,,0,0,0,0,0,0,0,51,0,0,0,0,0,0,0,,,,
59,1301,1301.jpg,マカダミアナッツパンケーキ,880,0,01,フード,13,TEA　TIME,,,,,,,,,0,0,0,0,0,0,0,0,0,0,0,0,0,0,0,1400,1700,,
60,1302,image1302.jpg,エスプレッソアイス,880,0,01,フード,13,TEA　TIME,,0406,0803,0301,,ちょっぴり大人味。カフェだからできる本格エスプレッソアイス。,,,0,0,0,0,0,0,0,,0,0,0,0,0,0,0,,,,
61,1399,1399.jpg,T TEATIME他,0,0,01,フード,13,TEA　TIME,,,,,,,,,0,0,0,0,0,0,0,0,0,0,0,0,0,0,0,,,,
62,2101,image2101.jpg,エスプレッソ　single,300,0,02,ドリンク,21,COFFEE　,,0407,0401,0208,,,,,0,0,0,0,0,0,0,,0,0,0,0,0,0,0,,,,
63,2102,image2102.jpg,エスプレッソ double,580,0,02,ドリンク,21,COFFEE　,,0801,0803,0802,,,,,0,0,0,0,0,0,0,,0,0,0,0,0,0,0,,,,
64,2103,image2103.jpg,アメリカン,380,0,02,ドリンク,21,COFFEE　,,0404,0407,0302,,,,,0,0,0,0,0,0,0,,0,0,0,0,0,0,0,,,,
65,2104,image2104.jpg,ブレンド,380,0,02,ドリンク,21,COFFEE　,,0503,0304,0802,,,,,0,0,0,0,0,0,0,,0,0,0,0,0,0,0,,,,
66,2105,image2105.jpg,アイスコーヒー,380,0,02,ドリンク,21,COFFEE　,,0503,0302,1006,,,,,0,0,0,0,0,0,0,,0,0,0,0,0,0,0,,,,
67,2106,image2106.jpg,カフェラテ,430,0,02,ドリンク,21,COFFEE　,,0407,0208,0202,,,,,0,0,0,3,0,0,0,3,0,0,0,0,0,0,0,,,,
68,2107,image2107.jpg,カフェオレ,430,0,02,ドリンク,21,COFFEE　,,0801,1006,1007,,,,,0,0,0,3,0,0,0,3,0,0,0,0,0,0,0,,,,
69,2108,image2108.jpg,ZERO ONE カプチーノ,480,0,02,ドリンク,21,COFFEE　,,0408,0404,0405,,,,,0,0,0,0,0,0,0,,0,0,0,0,0,0,0,,,,
70,2109,image2109.jpg,チョコレートカフェモカ,530,0,02,ドリンク,21,COFFEE　,,0206,0901,0501,,,,,0,0,0,3,0,0,0,3,0,0,0,0,0,0,0,,,,
71,2110,image2110.jpg,キャラメルマキアート,530,0,02,ドリンク,21,COFFEE　,,0801,1005,0208,,,,,0,0,0,3,0,0,0,3,0,0,0,0,0,0,0,,,,
72,2111,image2111.jpg,ココナッツラテ,480,0,02,ドリンク,21,COFFEE　,,1104,0802,0502,,,,,0,0,0,3,0,0,0,3,0,0,0,0,0,0,0,,,,
73,2112,image2112.jpg,チャイカフェ,480,0,02,ドリンク,21,COFFEE　,,0304,0303,0503,,,,,0,0,0,3,0,0,0,3,0,0,0,0,0,0,0,,,,
74,2113,2113.jpg,☆アメリカン,250,0,02,ドリンク,21,COFFEE,,,,,,,,,0,0,0,0,0,0,0,0,0,0,0,0,0,0,0,,,,
75,2114,2114.jpg,☆ブレンド,250,0,02,ドリンク,21,COFFEE,,,,,,,,,0,0,0,0,0,0,0,0,0,0,0,0,0,0,0,,,,
76,2115,2115.jpg,☆アイスコーヒー,250,0,02,ドリンク,21,COFFEE,,,,,,,,,0,0,0,0,0,0,0,0,0,0,0,0,0,0,0,,,,
77,2201,image2201.jpg,ストロベリーフレーバー,430,0,02,ドリンク,22,FLAVOR　COFFEE,,0405,1007,0803,,,,,0,0,0,3,0,0,0,3,0,0,0,0,0,0,0,,,,
78,2202,image2202.jpg,チョコレートフレーバー,430,0,02,ドリンク,22,FLAVOR　COFFEE,,0801,0406,1002,,,,,0,0,0,3,0,0,0,3,0,0,0,0,0,0,0,,,,
79,2203,image2203.jpg,バニラフレーバー,430,0,02,ドリンク,22,FLAVOR　COFFEE,,0801,1101,0404,,,,,0,0,0,3,0,0,0,3,0,0,0,0,0,0,0,,,,
80,2204,image2204.jpg,ココナッツフレーバー,430,0,02,ドリンク,22,FLAVOR　COFFEE,,0301,1002,0303,,,,,0,0,0,3,0,0,0,3,0,0,0,0,0,0,0,,,,
81,2301,image2301.jpg,アールグレイ,480,0,02,ドリンク,23,TEA,,0801,0803,0503,,,,,0,0,0,0,0,0,0,,0,0,0,0,0,0,0,,,,
82,2302,image2302.jpg,アッサムティー,480,0,02,ドリンク,23,TEA,,0802,0503,1005,,,,,0,0,0,0,0,0,0,,0,0,0,0,0,0,0,,,,
83,2303,image2303.jpg,ジャスミン,480,0,02,ドリンク,23,TEA,,0407,0502,0301,,,,,0,0,0,0,0,0,0,,0,0,0,0,0,0,0,,,,
84,2305,image2305.jpg,アップルティー,480,0,02,ドリンク,23,TEA,,0801,0405,0303,,,,,0,0,0,0,0,0,0,,0,0,0,0,0,0,0,,,,
85,2306,image2306.jpg,キャラメルティー,480,0,02,ドリンク,23,TEA,,0801,0503,0406,,,,,0,0,0,0,0,0,0,,0,0,0,0,0,0,0,,,,
86,2307,image2307.jpg,ハワイアンベリーティー,480,0,02,ドリンク,23,TEA,,0801,1007,0407,,,,,0,0,0,0,0,0,0,,0,0,0,0,0,0,0,,,,
87,2308,2308.jpg,☆アールグレイ,250,0,02,ドリンク,23,TEA,,,,,,,,,0,0,0,0,0,0,0,0,0,0,0,0,0,0,0,,,,
88,2309,2309.jpg,☆アッサムティー,250,0,02,ドリンク,23,TEA,,,,,,,,,0,0,0,0,0,0,0,0,0,0,0,0,0,0,0,,,,
89,2310,2310.jpg,☆ジャスミンティー,250,0,02,ドリンク,23,TEA,,,,,,,,,0,0,0,0,0,0,0,0,0,0,0,0,0,0,0,,,,
90,2311,2311.jpg,☆アップルティー,250,0,02,ドリンク,23,TEA,,,,,,,,,0,0,0,0,0,0,0,0,0,0,0,0,0,0,0,,,,
91,2312,2312.jpg,☆キャラメルティー,250,0,02,ドリンク,23,TEA,,,,,,,,,0,0,0,0,0,0,0,0,0,0,0,0,0,0,0,,,,
92,2313,2313.jpg,☆ハワイアンベリー,250,0,02,ドリンク,23,TEA,,,,,,,,,0,0,0,0,0,0,0,0,0,0,0,0,0,0,0,,,,
93,2401,image2401.jpg,ホット レモネード,530,0,02,ドリンク,24,ORIGINALHOTDRINK,,0401,1002,1007,,,,,0,0,0,0,0,0,0,,0,0,0,0,0,0,0,,,,
94,2402,image2402.jpg,ホット 柚子蜜,530,0,02,ドリンク,24,ORIGINALHOTDRINK,,0503,1007,1203,,,,,0,0,0,0,0,0,0,,0,0,0,0,0,0,0,,,,
95,2403,image2403.jpg,ホット 自家製ジンジャー,530,0,02,ドリンク,24,ORIGINALHOTDRINK,,0801,0405,1003,,,,,0,0,0,0,0,0,0,,0,0,0,0,0,0,0,,,,
96,2501,image2501.jpg,コーラ,380,0,02,ドリンク,25,SOFT DRINK,,,,,,,,,0,0,0,0,0,0,0,,0,0,0,0,0,0,0,,,,
97,2502,image2502.jpg,オレンジジュース,380,0,02,ドリンク,25,SOFT DRINK,,,,,,,,,0,0,0,0,0,0,0,,0,0,0,0,0,0,0,,,,
98,2503,image2503.jpg,パインジュース,380,0,02,ドリンク,25,SOFT DRINK,,,,,,,,,0,0,0,0,0,0,0,,0,0,0,0,0,0,0,,,,
99,2504,image2504.jpg,ジンジャーエール,380,0,02,ドリンク,25,SOFT DRINK,,,,,,,,,0,0,0,0,0,0,0,,0,0,0,0,0,0,0,,,,
100,2505,image2505.jpg,グレープフルーツ,380,0,02,ドリンク,25,SOFT DRINK,,,,,,,,,0,0,0,0,0,0,0,,0,0,0,0,0,0,0,,,,
101,2506,image2506.jpg,ウーロン茶,380,0,02,ドリンク,25,SOFT DRINK,,,,,,,,,0,0,0,0,0,0,0,,0,0,0,0,0,0,0,,,,
102,2507,image2507.jpg,ピンクレモネード,380,0,02,ドリンク,25,SOFT DRINK,,,,,,,,,0,0,0,0,0,0,0,,0,0,0,0,0,0,0,,,,
103,2508,image2508.jpg,ノンアルコールビール,480,0,02,ドリンク,25,SOFT DRINK,,,,,,,,,0,0,0,0,0,0,0,,0,0,0,0,0,0,0,,,,
104,2509,image2509.jpg,アイスティー,380,0,02,ドリンク,25,SOFT DRINK,,,,,,,,,0,0,0,0,0,0,0,,0,0,0,0,0,0,0,,,,
105,2601,image2601.jpg,柚子蜜スカッシュ,480,0,02,ドリンク,26,ORIGINAL DRINK,,0408,0404,0405,,,,,0,0,0,0,0,0,0,,0,0,0,0,0,0,0,,,,
106,2602,image2602.jpg,トリプルベリーSODA,480,0,02,ドリンク,26,ORIGINAL DRINK,,0502,1006,0407,,,,,0,0,0,0,0,0,0,,0,0,0,0,0,0,0,,,,
107,2603,image2603.jpg,自家製 ハニージンジャー,480,0,02,ドリンク,26,ORIGINAL DRINK,,0802,0405,0401,,,,,0,0,0,0,0,0,0,,0,0,0,0,0,0,0,,,,
108,2604,image2604.jpg,癒しのレモネード,480,0,02,ドリンク,26,ORIGINAL DRINK,,,,,,,,,0,0,0,0,0,0,0,,0,0,0,0,0,0,0,,,,
109,2605,image2605.jpg,ZERO ONE アイスティー,480,0,02,ドリンク,26,ORIGINAL DRINK,,,,,,,,,0,0,0,0,0,0,0,,0,0,0,0,0,0,0,,,,
110,2606,image2606.jpg,スイートトロピカルモヒート,480,0,02,ドリンク,26,ORIGINAL DRINK,,,,,,,,,0,0,0,0,0,0,0,,0,0,0,0,0,0,0,,,,
111,2607,2607.jpg,☆自家製ﾊﾆｰｼﾞﾝｼﾞｬｰ,250,0,02,ドリンク,26,ORIGINAL DRINK,,,,,,,,,0,0,0,0,0,0,0,0,0,0,0,0,0,0,0,,,,
112,2608,2608.jpg,☆柚子蜜ｽｶｯｼｭ,250,0,02,ドリンク,26,ORIGINAL DRINK,,,,,,,,,0,0,0,0,0,0,0,0,0,0,0,0,0,0,0,,,,
113,2609,2609.jpg,☆ﾄﾘﾌﾟﾙﾍﾞﾘｰｿｰﾀﾞ,250,0,02,ドリンク,26,ORIGINAL DRINK,,,,,,,,,0,0,0,0,0,0,0,0,0,0,0,0,0,0,0,,,,
114,3101,image3101.jpg,カールスバーグ,580,0,02,ドリンク,31,BEER,,0406,0404,0502,,,,,0,0,0,0,0,0,0,,0,0,0,0,0,0,0,,,,
115,3102,image3102.jpg,シャンディガフ,580,0,02,ドリンク,31,BEER,,0405,0401,0407,,,,,0,0,0,0,0,0,0,,0,0,0,0,0,0,0,,,,
116,3201,image3201.jpg,コロナビール,680,0,02,ドリンク,32,BOTTLE　DRINK,,0301,1004,1007,,,,,0,0,0,0,0,0,0,,0,0,0,0,0,0,0,,,,
117,3202,image3202.jpg,シンハービール,680,0,02,ドリンク,32,BOTTLE　DRINK,,0405,0206,0202,,,,,0,0,0,0,0,0,0,,0,0,0,0,0,0,0,,,,
118,3203,image3203.jpg,ハイネケン,680,0,02,ドリンク,32,BOTTLE　DRINK,,0401,0208,0302,,,,,0,0,0,0,0,0,0,,0,0,0,0,0,0,0,,,,
119,3204,image3204.jpg,ギネスビール,780,0,02,ドリンク,32,BOTTLE　DRINK,,0503,0208,1205,,,,,0,0,0,0,0,0,0,,0,0,0,0,0,0,0,,,,
120,3205,image3205.jpg,ヒューガルデン,780,0,02,ドリンク,32,BOTTLE　DRINK,,0801,1004,1101,,,,,0,0,0,0,0,0,0,,0,0,0,0,0,0,0,,,,
121,3206,image3206.jpg,ジーマ,680,0,02,ドリンク,32,BOTTLE　DRINK,,0801,0302,1004,,,,,0,0,0,0,0,0,0,,0,0,0,0,0,0,0,,,,
122,3207,image3207.jpg,バドワイザー,680,0,02,ドリンク,32,BOTTLE　DRINK,,0501,0304,0401,,,,,0,0,0,0,0,0,0,,0,0,0,0,0,0,0,,,,
123,3208,image3208.jpg,ビッグウェーブ,780,0,02,ドリンク,32,BOTTLE　DRINK,,0407,1003,0405,,,,,0,0,0,0,0,0,0,,0,0,0,0,0,0,0,,,,
124,3209,image3209.jpg,ファイヤーロック,780,0,02,ドリンク,32,BOTTLE　DRINK,,0304,0303,0206,,,,,0,0,0,0,0,0,0,,0,0,0,0,0,0,0,,,,
125,3210,image3210.jpg,ロングボード,780,0,02,ドリンク,32,BOTTLE　DRINK,,0803,0502,0401,,,,,0,0,0,0,0,0,0,,0,0,0,0,0,0,0,,,,
126,3301,image3301.jpg,ジャックダニエル,630,0,02,ドリンク,33,WHISKEY,,0501,0304,0401,,,,,0,0,0,2,0,0,0,,0,0,0,0,0,0,0,,,,
127,3302,image3302.jpg,バランタインファイネスト,630,0,02,ドリンク,33,WHISKEY,,0407,0302,0802,,,,,0,0,0,2,0,0,0,,0,0,0,0,0,0,0,,,,
128,3303,image3303.jpg,白州10年,630,0,02,ドリンク,33,WHISKEY,,0502,1004,1007,,,,,0,0,0,2,0,0,0,,0,0,0,0,0,0,0,,,,
129,3401,image3401.jpg,アメリカンジュレップ,680,0,02,ドリンク,34,WHISKEY　JULEP,,0406,0203,0503,,,,,0,0,0,0,0,0,0,,0,0,0,0,0,0,0,,,,
130,3402,image3402.jpg,ジャパニーズジュレップ,680,0,02,ドリンク,34,WHISKEY　JULEP,,0407,0303,0304,,,,,0,0,0,0,0,0,0,,0,0,0,0,0,0,0,,,,
131,3403,image3403.jpg,スコッチジュレップ,680,0,02,ドリンク,34,WHISKEY　JULEP,,0405,0902,0502,,,,,0,0,0,0,0,0,0,,0,0,0,0,0,0,0,,,,
132,3501,image3501.jpg,プルシア,580,0,02,ドリンク,35,PLAM,,0301,0206,0202,,,,,0,0,0,1,0,0,0,,0,0,0,0,0,0,0,,,,
133,3502,image3502.jpg,完熟梅酒,580,0,02,ドリンク,35,PLAM,,1003,0303,0401,,,,,0,0,0,1,0,0,0,,0,0,0,0,0,0,0,,,,
134,3503,image3503.jpg,柚子梅酒,580,0,02,ドリンク,35,PLAM,,0407,0803,1007,,,,,0,0,0,1,0,0,0,,0,0,0,0,0,0,0,,,,
135,3504,image3504.jpg,蜂蜜梅酒,580,0,02,ドリンク,35,PLAM,,1104,0503,0405,,,,,0,0,0,1,0,0,0,,0,0,0,0,0,0,0,,,,
136,3601,image3601.jpg,赤 グラスワイン,500,0,02,ドリンク,36,WINE,,0407,0404,1001,,,,,0,0,0,0,0,0,0,,0,0,0,0,0,0,0,,,,
137,3602,image3602.jpg,白 グラスワイン,500,0,02,ドリンク,36,WINE,,0502,0407,0304,,,,,0,0,0,0,0,0,0,,0,0,0,0,0,0,0,,,,
138,3603,image3603.jpg,赤 カラフェワイン,1600,0,02,ドリンク,36,WINE,,0801,0902,0404,,,,,0,0,0,5,0,0,0,,0,0,0,0,0,0,0,,,,
139,3604,image3604.jpg,白 カラフェワイン,1600,0,02,ドリンク,36,WINE,,0407,1003,0201,,,,,0,0,0,5,0,0,0,,0,0,0,0,0,0,0,,,,
140,3701,image3701.jpg,桃とカシスのサングリア,680,0,02,ドリンク,37,WINE　COCKTAIL,,0407,0802,1004,,,,,0,0,0,0,0,0,0,,0,0,0,0,0,0,0,,,,
141,3702,image3702.jpg,ライムとキウイのサングリア,680,0,02,ドリンク,37,WINE　COCKTAIL,,0401,0301,0901,,,,,0,0,0,0,0,0,0,,0,0,0,0,0,0,0,,,,
142,3703,image3703.jpg,苺とオレンジのサングリア,680,0,02,ドリンク,37,WINE　COCKTAIL,,0503,0902,0803,,,,,0,0,0,0,0,0,0,,0,0,0,0,0,0,0,,,,
143,3801,image3801.jpg,チンザノピノシャルドネ,3000,0,02,ドリンク,38,BOTTLE　WINE,,0404,0301,0206,,,,,0,0,0,5,0,0,0,,0,0,0,0,0,0,0,,,,
144,3802,image3802.jpg,白 カステルカンブラス,2500,0,02,ドリンク,38,BOTTLE　WINE,,0406,0407,0301,,,,,0,0,0,5,0,0,0,,0,0,0,0,0,0,0,,,,
145,3803,image3803.jpg,白 フォルタンシャルドネ,3000,0,02,ドリンク,38,BOTTLE　WINE,,0405,0303,0304,,,,,0,0,0,5,0,0,0,,0,0,0,0,0,0,0,,,,
146,3804,image3804.jpg,赤 カステルカンブラス,2500,0,02,ドリンク,38,BOTTLE　WINE,,0405,0302,0304,,,,,0,0,0,5,0,0,0,,0,0,0,0,0,0,0,,,,
147,3805,image3805.jpg,赤 フォルタンシャルドネ,3000,0,02,ドリンク,38,BOTTLE　WINE,,1004,1007,1253,,,,,0,0,0,5,0,0,0,,0,0,0,0,0,0,0,,,,
148,3901,image3901.jpg,ジントニック,580,0,02,ドリンク,39,COCKTAIL,,0503,0304,0401,,,,,0,0,0,0,0,0,0,,0,0,0,0,0,0,0,,,,
149,3902,image3902.jpg,ジンバック,580,0,02,ドリンク,39,COCKTAIL,,0401,0302,0802,,,,,0,0,0,0,0,0,0,,0,0,0,0,0,0,0,,,,
150,3903,image3903.jpg,ジンリッキー,580,0,02,ドリンク,39,COCKTAIL,,0801,0404,0406,,,,,0,0,0,0,0,0,0,,0,0,0,0,0,0,0,,,,
151,3904,image3904.jpg,ウォッカトニック,580,0,02,ドリンク,39,COCKTAIL,,0503,0801,0303,,,,,0,0,0,0,0,0,0,,0,0,0,0,0,0,0,,,,
152,3905,image3905.jpg,スクリュードライバー,580,0,02,ドリンク,39,COCKTAIL,,0407,0408,0301,,,,,0,0,0,0,0,0,0,,0,0,0,0,0,0,0,,,,
153,3906,image3906.jpg,モスコミュール,580,0,02,ドリンク,39,COCKTAIL,,0801,0503,0304,,,,,0,0,0,0,0,0,0,,0,0,0,0,0,0,0,,,,
154,3907,image3907.jpg,キューバリバー,580,0,02,ドリンク,39,COCKTAIL,,0502,0401,0203,,,,,0,0,0,0,0,0,0,,0,0,0,0,0,0,0,,,,
155,3908,image3908.jpg,ラムトニック,580,0,02,ドリンク,39,COCKTAIL,,0405,0303,0304,,,,,0,0,0,0,0,0,0,,0,0,0,0,0,0,0,,,,
156,3909,image3909.jpg,カシスソーダ,580,0,02,ドリンク,39,COCKTAIL,,0302,0502,0802,,,,,0,0,0,0,0,0,0,,0,0,0,0,0,0,0,,,,
157,3910,image3910.jpg,カシスウーロン,580,0,02,ドリンク,39,COCKTAIL,,0404,0406,0208,,,,,0,0,0,0,0,0,0,,0,0,0,0,0,0,0,,,,
158,3911,image3911.jpg,カシスオレンジ,580,0,02,ドリンク,39,COCKTAIL,,0801,0502,0406,,,,,0,0,0,0,0,0,0,,0,0,0,0,0,0,0,,,,
159,3912,image3912.jpg,カシスグレープ,580,0,02,ドリンク,39,COCKTAIL,,0408,0303,0203,,,,,0,0,0,0,0,0,0,,0,0,0,0,0,0,0,,,,
160,3913,image3913.jpg,パッシモオレンジ,580,0,02,ドリンク,39,COCKTAIL,,0405,0304,0401,,,,,0,0,0,0,0,0,0,,0,0,0,0,0,0,0,,,,
161,3914,image3914.jpg,パッシモグレープ,580,0,02,ドリンク,39,COCKTAIL,,0405,0406,0407,,,,,0,0,0,0,0,0,0,,0,0,0,0,0,0,0,,,,
162,3915,image3915.jpg,パッシモソーダ,580,0,02,ドリンク,39,COCKTAIL,,0408,0401,0208,,,,,0,0,0,0,0,0,0,,0,0,0,0,0,0,0,,,,
163,3916,image3916.jpg,テキーラサンライズ,580,0,02,ドリンク,39,COCKTAIL,,1006,0401,0301,,,,,0,0,0,0,0,0,0,,0,0,0,0,0,0,0,,,,
164,3917,image3917.jpg,テキーラコーク,580,0,02,ドリンク,39,COCKTAIL,,0502,0801,0802,,,,,0,0,0,0,0,0,0,,0,0,0,0,0,0,0,,,,
165,3918,image3918.jpg,レゲェパンチ,580,0,02,ドリンク,39,COCKTAIL,,0304,0303,0902,,,,,0,0,0,0,0,0,0,,0,0,0,0,0,0,0,,,,
166,3919,image3919.jpg,ファジーネーブル,580,0,02,ドリンク,39,COCKTAIL,,0407,0303,1007,,,,,0,0,0,0,0,0,0,,0,0,0,0,0,0,0,,,,
167,3920,image3920.jpg,マリブミルク,580,0,02,ドリンク,39,COCKTAIL,,1105,0803,0404,,,,,0,0,0,0,0,0,0,,0,0,0,0,0,0,0,,,,
168,3921,image3921.jpg,マリブコーク,580,0,02,ドリンク,39,COCKTAIL,,0501,0802,0303,,,,,0,0,0,0,0,0,0,,0,0,0,0,0,0,0,,,,
169,3922,image3922.jpg,マリブパイン,580,0,02,ドリンク,39,COCKTAIL,,0408,1103,1102,,,,,0,0,0,0,0,0,0,,0,0,0,0,0,0,0,,,,
170,3923,image3923.jpg,アマレットジンジャー,580,0,02,ドリンク,39,COCKTAIL,,0405,0502,0802,,,,,0,0,0,0,0,0,0,,0,0,0,0,0,0,0,,,,
171,3924,image3924.jpg,アマレットソーダ,580,0,02,ドリンク,39,COCKTAIL,,0502,0406,0405,,,,,0,0,0,0,0,0,0,,0,0,0,0,0,0,0,,,,
172,3925,image3925.jpg,マンゴヤンミルク,580,0,02,ドリンク,39,COCKTAIL,,1006,1251,0404,,,,,0,0,0,0,0,0,0,,0,0,0,0,0,0,0,,,,
173,3926,image3926.jpg,マンゴヤンオレンジ,580,0,02,ドリンク,39,COCKTAIL,,1006,0801,0405,,,,,0,0,0,0,0,0,0,,0,0,0,0,0,0,0,,,,
174,3927,image3927.jpg,カルーアコーク,580,0,02,ドリンク,39,COCKTAIL,,0801,0902,0901,,,,,0,0,0,0,0,0,0,,0,0,0,0,0,0,0,,,,
175,3928,image3928.jpg,カルーアミルク,580,0,02,ドリンク,39,COCKTAIL,,0404,0202,0201,,,,,0,0,0,0,0,0,0,,0,0,0,0,0,0,0,,,,
176,4001,image4001.jpg,紅茶カクテル,680,0,02,ドリンク,40,ORIGINALCOCKTAIL,,0502,0304,0401,,,,,0,0,0,0,0,0,0,,0,0,0,0,0,0,0,,,,
177,4002,image4002.jpg,トロピカルクーラー,680,0,02,ドリンク,40,ORIGINALCOCKTAIL,,0304,0301,0208,,,,,0,0,0,0,0,0,0,,0,0,0,0,0,0,0,,,,
178,4003,image4003.jpg,ミントたっぷり自家製モヒート,680,0,02,ドリンク,40,ORIGINALCOCKTAIL,,0405,0406,0303,,,,,0,0,0,0,0,0,0,,0,0,0,0,0,0,0,,,,
179,4004,image4004.jpg,自家製ブランデースプリッツアー,680,0,02,ドリンク,40,ORIGINALCOCKTAIL,,0406,0404,0301,,,,,0,0,0,0,0,0,0,,0,0,0,0,0,0,0,,,,
180,4005,4005.jpg,大人のアイスティー,680,0,02,ドリンク,40,ORIGINALCOCKTAIL,,,,,,,,,0,0,0,0,0,0,0,0,0,0,0,0,0,0,0,,,,
181,4100,4100.jpg,Ｌアメリカン,0,0,01,フード,12,LUNCH　MENU,,,,,,,,,0,0,0,0,0,0,0,0,0,0,0,0,0,0,0,,,,
182,4101,4101.jpg,Ｌブレンド,0,0,01,フード,12,LUNCH　MENU,,,,,,,,,0,0,0,0,0,0,0,0,0,0,0,0,0,0,0,,,,
183,4102,4102.jpg,Ｌアイスコーヒー,0,0,01,フード,12,LUNCH　MENU,,,,,,,,,0,0,0,0,0,0,0,0,0,0,0,0,0,0,0,,,,
184,4103,4103.jpg,Ｌアイスティー,0,0,01,フード,12,LUNCH　MENU,,,,,,,,,0,0,0,0,0,0,0,0,0,0,0,0,0,0,0,,,,
185,4104,4104.jpg,Ｌコーラ,0,0,01,フード,12,LUNCH　MENU,,,,,,,,,0,0,0,0,0,0,0,0,0,0,0,0,0,0,0,,,,
186,4105,4105.jpg,Ｌオレンジジュース,0,0,01,フード,12,LUNCH　MENU,,,,,,,,,0,0,0,0,0,0,0,0,0,0,0,0,0,0,0,,,,
187,4106,4106.jpg,Ｌジンジャーエール,0,0,01,フード,12,LUNCH　MENU,,,,,,,,,0,0,0,0,0,0,0,0,0,0,0,0,0,0,0,,,,
188,4107,4107.jpg,Ｌピンクレモネード,0,0,01,フード,12,LUNCH　MENU,,,,,,,,,0,0,0,0,0,0,0,0,0,0,0,0,0,0,0,,,,
189,4108,4108.jpg,Ｌウーロン茶,0,0,01,フード,12,LUNCH　MENU,,,,,,,,,0,0,0,0,0,0,0,0,0,0,0,0,0,0,0,,,,
190,9801,9801.jpg,◇アメリカン,0,0,99,コメント,99,ｺﾒﾝﾄ・その他,,,,,,,,,0,1,0,0,0,0,0,0,0,0,0,0,0,0,0,,,,
191,9802,9802.jpg,◇ブレンド,0,0,99,コメント,99,ｺﾒﾝﾄ・その他,,,,,,,,,0,1,0,0,0,0,0,0,0,0,0,0,0,0,0,,,,
192,9803,9803.jpg,◇アイスコーヒー,0,0,99,コメント,99,ｺﾒﾝﾄ・その他,,,,,,,,,0,1,0,0,0,0,0,0,0,0,0,0,0,0,0,,,,
193,9804,9804.jpg,◇アイスティー,0,0,99,コメント,99,ｺﾒﾝﾄ・その他,,,,,,,,,0,1,0,0,0,0,0,0,0,0,0,0,0,0,0,,,,
194,9805,9805.jpg,◇コーラ,0,0,99,コメント,99,ｺﾒﾝﾄ・その他,,,,,,,,,0,1,0,0,0,0,0,0,0,0,0,0,0,0,0,,,,
195,9806,9806.jpg,◇オレンジジュース,0,0,99,コメント,99,ｺﾒﾝﾄ・その他,,,,,,,,,0,1,0,0,0,0,0,0,0,0,0,0,0,0,0,,,,
196,9807,9807.jpg,◇ジンジャーエール,0,0,99,コメント,99,ｺﾒﾝﾄ・その他,,,,,,,,,0,1,0,0,0,0,0,0,0,0,0,0,0,0,0,,,,
197,9808,9808.jpg,◇ピンクレモネード,0,0,99,コメント,99,ｺﾒﾝﾄ・その他,,,,,,,,,0,1,0,0,0,0,0,0,0,0,0,0,0,0,0,,,,
198,9809,9809.jpg,◇ウーロン茶,0,0,99,コメント,99,ｺﾒﾝﾄ・その他,,,,,,,,,0,1,0,0,0,0,0,0,0,0,0,0,0,0,0,,,,
199,9810,9810.jpg,◇他,0,0,99,コメント,99,ｺﾒﾝﾄ・その他,,,,,,,,,0,1,0,0,0,0,0,0,0,0,0,0,0,0,0,,,,
200,9821,9821.jpg,ベリーベリーパフェ,0,250,99,コメント,99,ｺﾒﾝﾄ・その他,,,,,,,,,0,1,0,0,0,0,0,0,0,0,0,0,0,0,0,,,,
201,9822,9822.jpg,チョコレートパフェ,0,250,99,コメント,99,ｺﾒﾝﾄ・その他,,,,,,,,,0,1,0,0,0,0,0,0,0,0,0,0,0,0,0,,,,
202,9823,9823.jpg,マンゴーパフェ,0,250,99,コメント,99,ｺﾒﾝﾄ・その他,,,,,,,,,0,1,0,0,0,0,0,0,0,0,0,0,0,0,0,,,,
203,9824,9824.jpg,◇無し,0,0,99,コメント,99,ｺﾒﾝﾄ・その他,,,,,,,,,0,1,0,0,0,0,0,0,0,0,0,0,0,0,0,,,,
204,9900,9900.jpg,呼出し,0,0,99,コメント,99,ｺﾒﾝﾄ・その他,,,,,,,,,0,0,0,0,0,0,0,0,0,0,0,0,0,0,0,,,,
205,9901,9901.jpg,◆ロック,0,0,99,コメント,99,ｺﾒﾝﾄ・その他,,,,,,,,,1,0,0,0,0,0,0,0,0,0,0,0,0,0,0,,,,
206,9902,9902.jpg,◆水割り,0,0,99,コメント,99,ｺﾒﾝﾄ・その他,,,,,,,,,1,0,0,0,0,0,0,0,0,0,0,0,0,0,0,,,,
207,9903,9903.jpg,◆ストレート,0,0,99,コメント,99,ｺﾒﾝﾄ・その他,,,,,,,,,1,0,0,0,0,0,0,0,0,0,0,0,0,0,0,,,,
208,9904,9904.jpg,◆お湯割り,0,0,99,コメント,99,ｺﾒﾝﾄ・その他,,,,,,,,,1,0,0,0,0,0,0,0,0,0,0,0,0,0,0,,,,
209,9905,9905.jpg,◆ソーダ割り,0,0,99,コメント,99,ｺﾒﾝﾄ・その他,,,,,,,,,1,0,0,0,0,0,0,0,0,0,0,0,0,0,0,,,,
210,9907,9907.jpg,◆熱燗,0,0,99,コメント,99,ｺﾒﾝﾄ・その他,,,,,,,,,1,0,0,0,0,0,0,0,0,0,0,0,0,0,0,,,,
211,9908,9908.jpg,◆冷や,0,0,99,コメント,99,ｺﾒﾝﾄ・その他,,,,,,,,,1,0,0,0,0,0,0,0,0,0,0,0,0,0,0,,,,
212,9909,9909.jpg,◆ホット,0,0,99,コメント,99,ｺﾒﾝﾄ・その他,,,,,,,,,1,0,0,0,0,0,0,0,0,0,0,0,0,0,0,,,,
213,9910,9910.jpg,◆アイス,0,0,99,コメント,99,ｺﾒﾝﾄ・その他,,,,,,,,,1,0,0,0,0,0,0,0,0,0,0,0,0,0,0,,,,
214,9911,9911.jpg,◆グラスなし,0,0,99,コメント,99,ｺﾒﾝﾄ・その他,,,,,,,,,1,0,0,0,0,0,0,0,0,0,0,0,0,0,0,,,,
215,9912,9912.jpg,◆グラス 1,0,0,99,コメント,99,ｺﾒﾝﾄ・その他,,,,,,,,,1,0,0,0,0,0,0,0,0,0,0,0,0,0,0,,,,
216,9913,9913.jpg,◆グラス 2,0,0,99,コメント,99,ｺﾒﾝﾄ・その他,,,,,,,,,1,0,0,0,0,0,0,0,0,0,0,0,0,0,0,,,,
217,9914,9914.jpg,◆グラス 3,0,0,99,コメント,99,ｺﾒﾝﾄ・その他,,,,,,,,,1,0,0,0,0,0,0,0,0,0,0,0,0,0,0,,,,
218,9915,9915.jpg,◆グラス 4,0,0,99,コメント,99,ｺﾒﾝﾄ・その他,,,,,,,,,1,0,0,0,0,0,0,0,0,0,0,0,0,0,0,,,,
219,9916,9916.jpg,◆グラス 5,0,0,99,コメント,99,ｺﾒﾝﾄ・その他,,,,,,,,,1,0,0,0,0,0,0,0,0,0,0,0,0,0,0,,,,
220,9917,9917.jpg,◆グラス 6,0,0,99,コメント,99,ｺﾒﾝﾄ・その他,,,,,,,,,1,0,0,0,0,0,0,0,0,0,0,0,0,0,0,,,,
221,9918,9918.jpg,◆グラス 7,0,0,99,コメント,99,ｺﾒﾝﾄ・その他,,,,,,,,,1,0,0,0,0,0,0,0,0,0,0,0,0,0,0,,,,
222,9919,9919.jpg,◆グラス 8,0,0,99,コメント,99,ｺﾒﾝﾄ・その他,,,,,,,,,1,0,0,0,0,0,0,0,0,0,0,0,0,0,0,,,,
223,9920,9920.jpg,◆グラス 9,0,0,99,コメント,99,ｺﾒﾝﾄ・その他,,,,,,,,,1,0,0,0,0,0,0,0,0,0,0,0,0,0,0,,,,
224,9921,9921.jpg,◆グラス 10,0,0,99,コメント,99,ｺﾒﾝﾄ・その他,,,,,,,,,1,0,0,0,0,0,0,0,0,0,0,0,0,0,0,,,,
225,9996,9996.jpg,その他料理,0,0,99,コメント,99,ｺﾒﾝﾄ・その他,,,,,,,,,0,0,0,0,0,0,0,0,0,0,0,0,0,0,0,,,,
226,9997,9997.jpg,その他ドリンク,0,0,99,コメント,99,ｺﾒﾝﾄ・その他,,,,,,,,,0,0,0,0,0,0,0,0,0,0,0,0,0,0,0,,,,
227,9998,9998.jpg,その他,0,0,99,コメント,99,ｺﾒﾝﾄ・その他,,,,,,,,,1,0,0,0,0,0,0,0,0,0,0,0,0,0,0,,,,
228,1401,,チーズ,100,,01,フード,,,,,,,,,,,,,,,,,,,,,,,,,,,,,
229,1402,,トマト,100,,01,フード,,,,,,,,,,,,,,,,,,,,,,,,,,,,,
230,1403,,オリーブ,100,,01,フード,,,,,,,,,,,,,,,,,,,,,,,,,,,,,
