{"linkSystem":"9","pass":"1234","orderStationFlag":"1","generallinkFlag":"0","printerIPAddress":"192.168.5.113","printerPortNo":"9100","doPrintFlag":"1","doPrintSoundFlag":"1","bigSlipPageBreak":"0","printItemsPerPage":"10","charPrintSizeExpansion":"1","stationAddress":"192.168.194.31","receivePort":"7110","sendPort":"7120","socket_retry":"10","socket_waitSec":"10","staffCallCode":"9900","smaregi_id":"","smaregi_url":"","smaregi_user":"0001","smaregi_password":"kdl2280kdl","smaregi_at":"","screenOrientation":"0","useCallStaff":"1","dispTableName":"1","printerType":"0","doPrintCount":"1","doOrderPrintFlag":"1","useWarikan":"1","cartcleartime":"0"}
