no,guidance,menu1,menu2,menu3,menu4,menu5,menu6,menu7,menu8,menu9,menu10,menu11,menu12,menu13,menu14,menu15,menu16
1,飲み方はどうされますか？(ロック、ストレート、ソーダ割り、お湯割り),9901,9903,9905,9904,,,,,,,,,,,,
2,飲み方はどうされますか？(ロック、水割り、ストレート、お湯割り、ソーダ割り),9901,9902,9903,9904,9905,,,,,,,,,,,
3,どちらにされますか？（ホット、アイス）,9909,9910,,,,,,,,,,,,,,
4,グラスはいくつ必要ですか？,9911,9912,9913,9914,9915,9916,9917,9918,9919,9920,9921,,,,,
5,ドリンクは何にされますか？,9801,9802,9803,9804,9805,9806,9807,9808,9809,,,,,,,
